profile	status	gene_id	old_profile_score	new_profile_score	score_change	old_rank	new_rank	trimming_class	trimming_stability_score	coverage_score	clade_balance_score	alignment_score	information_score	rate_score	bias_penalty	taxon_occupancy	alignment_length	gap_fraction	parsimony_informative_sites	pis_per_length	composition_variability
backbone_balanced	added	EOG09262SI7	0.3689058082446598	0.5036541512800999	0.13474834303544014	40	24	stable	1.0	0.6510179724571254	0.0	0.5627591808297923	0.9402579575420544	-0.64924598530687	-0.249199705742886	1.0	543	0.0019731649565903	288	0.5303867403314917	0.0057541479025703
backbone_balanced	added	EOG09261HB6	0.3823083250702111	0.4737810889669631	0.09147276389675196	33	39	signal_preserved	0.91660777385159	0.8301275298493733	0.0	0.6706497975934236	-0.0076775406048095	0.9334181399124826	-0.5785664969669759	1.0	504	0.0025510204081632	199	0.3948412698412698	0.0048611374666775
backbone_balanced	added	EOG09262JZK	0.2210132377527034	0.4051642078997161	0.18415097014701268	166	92	stable	1.0	0.8486274277161571	0.0	0.4809665236994042	-0.6568252094967747	-0.0313645270255264	-0.730897867308874	1.0	361	0.001978630787495	113	0.3130193905817174	0.004350946981803
backbone_balanced	removed	EOG092609O9	0.5018084798437235	0.5759381796454505	0.07412969980172701	7	8	stable	1.0	0.2319441036144859	0.0	1.8684320483239223	0.5115403908355506	0.9973016199757736	-0.7306661481937102	1.0	1835	0.0035033086804203	773	0.4212534059945504	0.003009633333073
backbone_balanced	removed	EOG092602I6	0.4012288737214252	0.522471756899611	0.12124288317818582	24	16	stable	1.0	0.1858640270295098	0.0	1.826160823433747	0.0493137720225636	0.5106894862860604	-0.943004988498303	1.0	1898	0.0035751919313563	678	0.357218124341412	0.002112352497364
backbone_balanced	removed	EOG092603YJ	0.4048202509178543	0.4963079334807022	0.0914876825628479	22	27	stable	1.0	-0.2178850253454518	0.0	1.8595066591301648	0.8952509897487768	0.2425096669066881	-0.6465618394532557	0.9285714285714286	1767	0.0018719254712463	823	0.4657611771363893	0.0033756803713369
core_complete	added	EOG09264SSI	0.7375623296944008	0.7372267570727356	-0.000335572621665281	10	9	stable	1.0	1.0130533814803162	0.0	0.4248761599470503	-0.132141705190354	0.955660212526248	-0.2361732661981234	1.0	218	0.0062254259501965	84	0.3853211009174312	0.006370241264924
core_complete	added	EOG09263UQF	0.6175057870935327	0.6448654448182743	0.027359657724741693	37	29	stable	1.0	0.7531619733677498	0.0	0.4582344306826574	-0.021749008473938	0.8974747034182367	-0.4319367268547469	1.0	406	0.0058057705840957	156	0.3842364532019704	0.0051137373526093
core_complete	added	EOG09263BGW	0.6586050778257923	0.6382324092811655	-0.020372668544626715	19	31	stable	1.0	0.7705680819965203	0.0	0.7213390428080159	-0.4076214632392569	0.1646179255433506	-0.5948042773577287	1.0	577	0.0060658578856152	207	0.3587521663778163	0.0045259260743135
core_complete	removed	EOG092609O9	0.801121286151929	0.7656136837833325	-0.035507602368596514	5	7	stable	1.0	0.2319441036144859	0.0	1.8684320483239223	0.5115403908355506	0.9973016199757736	-0.7306661481937102	1.0	1835	0.0035033086804203	773	0.4212534059945504	0.003009633333073
core_complete	removed	EOG09260BSW	0.7590688713772795	0.7066227110179806	-0.05244616035929894	8	13	stable	1.0	0.5864118070282779	0.0	1.2924168412071249	-0.266678208843933	0.3201244571246591	-0.8983125528398166	1.0	1089	0.0063623245441427	357	0.3278236914600551	0.0029901710444163
core_complete	removed	EOG092602I6	0.7266461925096506	0.6764870777915034	-0.05015911471814716	12	19	stable	1.0	0.1858640270295098	0.0	1.826160823433747	0.0493137720225636	0.5106894862860604	-0.943004988498303	1.0	1898	0.0035751919313563	678	0.357218124341412	0.002112352497364
deep_robust	added	EOG09261HB6	0.5253475042874481	0.6228257113842978	0.09747820709684962	20	15	signal_preserved	0.91660777385159	0.8301275298493733	0.0	0.6706497975934236	-0.0076775406048095	0.9334181399124826	-0.5785664969669759	1.0	504	0.0025510204081632	199	0.3948412698412698	0.0048611374666775
deep_robust	added	EOG09263UQF	0.4393293451881339	0.586840052039337	0.1475107068512031	55	35	stable	1.0	0.7531619733677498	0.0	0.4582344306826574	-0.021749008473938	0.8974747034182367	-0.4319367268547469	1.0	406	0.0058057705840957	156	0.3842364532019704	0.0051137373526093
deep_robust	removed	EOG09260779	0.6487757440643944	0.6613864106627433	0.012610666598348863	5	9	stable	1.0	0.5030716965215334	0.0	1.657067918940088	1.129341416511146	-0.0437144767849152	-0.7491113807136012	1.0	1394	0.0013834802213568	733	0.5258249641319943	0.0035925381924847
deep_robust	removed	EOG092603YJ	0.5529424440249507	0.6097103365638117	0.05676789253886094	15	22	stable	1.0	-0.2178850253454518	0.0	1.8595066591301648	0.8952509897487768	0.2425096669066881	-0.6465618394532557	0.9285714285714286	1767	0.0018719254712463	823	0.4657611771363893	0.0033756803713369
diverse_rate	added	EOG0926051U	0.6144996015457357	0.7061440887610899	0.09164448721535423	9	4	stable	1.0	0.3150450912345733	0.0	1.944350041186069	1.9656065982678357	-1.897984159832507	-0.481596606659485	1.0	1798	0.0092165898617511	1161	0.6457174638487208	0.0038735047046961
diverse_rate	added	EOG0926420U	0.4634555291698234	0.5132563614635304	0.049800832293706965	41	37	stable	1.0	1.0091886334184408	0.0	0.6296671366340584	0.117194479630293	0.9043024113160144	-0.0309942722707331	1.0	362	0.0023677979479084	158	0.43646408839779	0.0072996241016142
diverse_rate	removed	EOG09260EOI	0.6157578832612834	0.6495518802317726	0.033793996970489126	8	10	signal_preserved	0.9541021227768216	0.2092634302293748	0.0	1.6023174524270212	0.9869624271649724	0.199531705112802	-0.545957080998877	1.0	1543	0.0126840107397463	763	0.4944912508101102	0.0032635988634359
diverse_rate	removed	EOG092603YJ	0.5616680931143151	0.6033063423861841	0.04163824927186899	18	17	stable	1.0	-0.2178850253454518	0.0	1.8595066591301648	0.8952509897487768	0.2425096669066881	-0.6465618394532557	0.9285714285714286	1767	0.0018719254712463	823	0.4657611771363893	0.0033756803713369
information_only	added	EOG09260JNY	1.667473099624198	1.673961440189414	0.0064883405652160775	12	12	extreme	0.2485319945653974	-0.6299150086659269	0.0	-0.3093870288928335	2.023964111203928	-2.466307327990114	0.7682737693070153	1.0	754	0.0422508525956801	530	0.7029177718832891	0.0052014978838881
information_only	removed	EOG09261DG0	1.7084993264462458	1.7061399349118342	-0.002359391534411559	9	9	signal_preserved	0.9664436438497168	-0.751582360256843	0.0	0.419511877855519	1.933191944980596	-2.0488091121886787	0.5846097956763263	1.0	1335	0.028143392188336	858	0.6426966292134831	0.0048640099093357
low_bias	added	EOG092604ML	0.6071384982106778	0.7213087137951985	0.11417021558452067	17	8	signal_preserved	0.9294938917975568	0.3311956381650163	0.0	1.872182263431161	1.7188174963287484	-1.268782730720856	-0.6796340866299404	1.0	1652	0.0037616741611898	1019	0.6168280871670703	0.0033960113657049
low_bias	added	EOG09261HB6	0.5667404064386273	0.616268871938096	0.049528465499468655	25	40	signal_preserved	0.91660777385159	0.8301275298493733	0.0	0.6706497975934236	-0.0076775406048095	0.9334181399124826	-0.5785664969669759	1.0	504	0.0025510204081632	199	0.3948412698412698	0.0048611374666775
low_bias	added	EOG09263UQF	0.4614519933574839	0.5618830907257254	0.10043109736824152	64	67	stable	1.0	0.7531619733677498	0.0	0.4582344306826574	-0.021749008473938	0.8974747034182367	-0.4319367268547469	1.0	406	0.0058057705840957	156	0.3842364532019704	0.0051137373526093
low_bias	added	EOG0926420U	0.433034876350992	0.5531020645093369	0.12006718815834483	84	80	stable	1.0	1.0091886334184408	0.0	0.6296671366340584	0.117194479630293	0.9043024113160144	-0.0309942722707331	1.0	362	0.0023677979479084	158	0.43646408839779	0.0072996241016142
low_bias	removed	EOG092602OP	0.6903049055374298	0.7374461136918166	0.047141208154386716	7	7	stable	1.0	0.2005004996984837	0.0	1.655302211715895	0.680630063137626	0.8122594166791445	-0.6721561649441058	1.0	1585	0.0067598017124831	701	0.4422712933753943	0.0030249095986609
low_bias	removed	EOG09260BSW	0.6661766392937752	0.7141591202173101	0.047982480923534854	8	9	stable	1.0	0.5864118070282779	0.0	1.2924168412071249	-0.266678208843933	0.3201244571246591	-0.8983125528398166	1.0	1089	0.0063623245441427	357	0.3278236914600551	0.0029901710444163
low_bias	removed	EOG09260GF5	0.6622065657275471	0.7083740716275462	0.04616750589999907	9	10	stable	1.0	0.1447265777854665	0.0	1.6532068049335058	0.2429629433783709	0.9331460152173278	-0.6493930814495771	1.0	1619	0.0082061237095208	628	0.3878937615812229	0.002933009290408
low_bias	removed	EOG092603YJ	0.5935482289602481	0.6824436457911313	0.0888954168308832	21	20	stable	1.0	-0.2178850253454518	0.0	1.8595066591301648	0.8952509897487768	0.2425096669066881	-0.6465618394532557	0.9285714285714286	1767	0.0018719254712463	823	0.4657611771363893	0.0033756803713369
occupancy_only	added	EOG09261HB6	0.6215357740422535	0.6269196595871408	0.005383885544887335	16	15	signal_preserved	0.91660777385159	0.8301275298493733	0.0	0.6706497975934236	-0.0076775406048095	0.9334181399124826	-0.5785664969669759	1.0	504	0.0025510204081632	199	0.3948412698412698	0.0048611374666775
occupancy_only	added	EOG092646CB	0.5356518902193109	0.5506256816048315	0.014973791385520574	31	31	stable	1.0	0.7151795451497592	0.0	0.6082713637188265	-0.0663222674051688	0.9889746457333424	-0.4617512024090366	1.0	534	0.0081594435527019	213	0.398876404494382	0.0048219483822966
occupancy_only	removed	EOG092642UD	0.648773279865609	0.6396900883668175	-0.009083191498791443	11	14	stable	1.0	0.8424144119525965	0.0	0.537257327186289	0.6553054746407093	0.0096990993260968	-0.1675681987851776	1.0	404	0.0049504950495049	206	0.5099009900990099	0.0063297447689535
occupancy_only	removed	EOG09264PMA	0.5765504106269022	0.5855195955228168	0.008969184895914695	23	23	signal_preserved	0.9315315315315316	0.7699185984946291	0.0	0.2192869020498299	1.2128299482084963	-1.2527478689554004	0.5467371301630423	1.0	230	0.0046583850931677	146	0.6347826086956522	0.0088793174949822
